friend count,personaname length,lastlogoff,game count,playtime,% achievements gotten
334,8,1546682249,176,556191,8.7
34,4,1546681613,367,198538,9.42
24,3,1546686911,315,369151,17.19
355,23,1546562943,143,208598,6.82
-1,15,1545817543,521,391872,4.34
340,10,1546638018,60,0,14.64
12,7,1542013001,309,543380,5.32
71,11,1546693813,103,150570,3.52
112,20,1546594982,445,220144,5.51
0,6,1543873389,250,9684427,21.57
254,4,1546684888,152,740512,8.91
255,17,1546644121,2374,240244,28.29
-1,5,1546647222,567,0,3.23
21,8,1546629960,226,546257,0.12
97,3,1546590105,231,220854,8.04
152,4,1546683821,284,117391,7.75
93,5,1545987119,595,45331,2.02
339,5,1546667462,127,340667,6.5
123,11,1546565497,642,206228,10.9
16,7,1546135892,321,27290,2.93
71,5,1543362884,21,0,35.76
194,12,1546455073,743,173910,4.42
0,8,1545076270,66,51438,82.88
224,4,1546675740,49,311872,15.45
103,6,1546694120,195,193649,8.86
37,7,1546552680,20,67742,29.55
257,8,1546600869,1537,829384,18.69
40,12,1546701822,62,218837,64.89
94,13,1546457111,402,0,11.48
80,9,1546690049,387,343181,15.34
134,18,1546660950,225,180843,10.5
42,7,1546699229,320,184453,18.62
121,5,1546694083,50,356743,30.3
23,8,1546648108,199,5708,1.49
1,8,1544390880,15,154538,13.29
67,7,1546699658,70,363047,15.87
32,19,1546037561,197,28525,0.95
14,4,1546664298,470,266202,14.36
152,6,1546483892,212,145516,7.84
41,11,1546696349,156,75042,8.83
14,8,1546701490,199,317155,3.98
309,9,1546644839,47,119095,18.73
43,17,1546666365,58,364866,17.13
10,8,1546679109,304,354138,13.22
62,7,1546672386,426,180627,8.15
97,10,1546624037,166,349442,7.38
348,3,1546220639,57,463001,28.73
50,4,1546655001,314,253585,17.97
-1,7,1546692703,39,39586,10.83
254,11,1546664042,364,299465,13.46
36,5,1541258437,219,30224,5.38
350,5,1546627504,8321,1228119,1.16
82,7,1546551001,281,410159,10.63
218,6,1546649885,180,0,21.33
91,6,1546545315,105,166462,9.52
59,19,1546299658,101,4213,31.43
65,4,1546642954,107,157623,40.84
1,12,1539837010,137,13487890,7.68
183,3,1542043718,71,307184,9.45
269,15,1538777353,28,0,0.0
-1,5,1546672185,38,0,19.58
299,7,1546666357,212,149158,18.19
207,12,1546703296,121,422734,11.77
256,25,1546701925,155,157788,6.61
-1,6,1546651195,50,0,0.0
293,7,1546581404,289,360009,17.58
88,5,1546687882,1362,55020,1.15
211,14,1546689840,290,0,9.91
65,17,1546653030,12,18047,36.05
192,10,1546694320,126,0,9.5
90,13,1546219380,112,126815,5.61
111,7,1538148327,44,317313,47.15
277,16,1546667489,172,819361,11.51
97,6,1546684727,181,433736,11.5
75,6,1546703095,431,377160,16.47
372,22,1545214146,125,165073,3.55
111,3,1546408878,78,0,15.57
48,13,1542610843,14,384449,5.38
164,5,1546662150,152,571309,9.37
60,8,1546681753,1104,96175,4.81
0,6,1545938042,44,9445572,5.45
289,4,1546660804,78,292036,9.94
73,6,1546058372,98,314344,23.84
94,5,1546658964,548,377709,18.07
23,5,1546027349,29,226077,27.83
71,5,1546652159,58,492269,10.59
103,5,1546688125,54,0,8.45
247,7,1542035031,151,187118,13.52
218,10,1546693016,46,633088,25.94
83,5,1546653532,149,144473,16.81
31,4,1546193965,268,107284,9.92
28,6,1546481021,374,0,21.31
78,7,1546588896,80,0,22.27
299,7,1537059823,143,99560,20.85
141,6,1546678846,20,0,27.13
154,6,1546644526,176,294793,11.79
-1,6,1546628566,442,189934,4.29
-1,6,1545768159,25,39957,23.29
279,20,1546667252,1765,195355,8.14
118,3,1546638051,399,264273,0.92
140,7,1546679636,153,450040,13.59
86,11,1539095463,807,1085133,1.37
325,8,1546692068,1088,535955,5.76
90,17,1546590754,532,397703,5.54
126,12,1545929111,53,99442,13.73
194,7,1546659214,281,223681,8.83
310,10,1546649120,220,710914,1.76
184,9,1546661215,1621,594982,10.57
86,5,1546700469,199,119644,6.0
239,9,1546674268,158,231036,10.35
65,10,1546668425,1195,324528,4.12
120,12,1546689298,40,0,6.4
116,10,1546660860,154,292293,15.95
162,5,1546702453,13,254480,21.17
78,23,1545672660,24,38571,3.09
168,10,1546703374,1642,432712,8.87
149,8,1546681308,264,308017,4.76
95,8,1546681599,2966,20150266,0.21
74,8,1546672925,138,206836,12.31
98,16,1546658441,403,347002,7.7
299,17,1546662582,864,574709,11.14
118,6,1546699308,209,340346,18.59
228,11,1546296280,178,286290,2.3
567,19,1546657974,145,108854,3.88
134,4,1546678659,80,157097,20.49
70,6,1546366667,899,0,12.72
289,22,1546670684,38,520322,14.54
101,9,1546370166,38,117612,12.05
52,7,1546649389,120,250309,25.5
0,7,1544757411,22,118911,27.26
171,3,1545857541,26,227766,37.89
325,6,1546555839,68,533066,5.93
90,14,1546647980,120,1459808,17.65
238,5,1546646775,212,298948,10.62
622,13,1546634596,1607,1363518,10.83
39,7,1535550686,12,43413,31.23
49,8,1546631125,24,190067,7.62
537,10,1546669943,42,0,22.31
80,12,1546698876,31,0,20.79
65,7,1546577714,256,437507,16.04
123,6,1546687801,666,382493,22.85
177,12,1546196670,121,138358,15.89
60,6,1546525686,225,236872,11.21
110,6,1531127390,36,368926,14.31
28,3,1546654017,179,264005,14.07
10,2,1546612271,53,46522,11.58
176,11,1546651865,64,0,9.17
-1,6,1546646139,51,243247,18.63
281,5,1546644310,131,231757,6.99
28,16,1545444940,476,44819,3.8
154,4,1546469971,71,290679,9.17
80,8,1545951398,97,98804,82.95
123,4,1546681872,17,177696,35.14
79,11,1546703288,100,128938,6.87
82,9,1546700290,281,466093,7.27
168,4,1546702133,14,0,53.79
216,7,1546681333,970,515900,3.97
544,11,1546607825,2378,0,3.55
34,4,1546694227,60,0,15.93
284,5,1546600939,138,284388,7.63
71,14,1546679944,254,180081,16.55
53,7,1546597639,187,309030,11.45
86,7,1546582070,174,214872,43.86
31,18,1540579814,31,35984,15.54
104,10,1546652726,55,188365,14.43
353,4,1546598081,83,242419,12.16
89,7,1546697604,289,261644,20.27
96,9,1546637262,2177,349244,20.92
92,8,1546555128,46,170568,6.96
81,10,1546530688,39,73023,26.7
52,9,1546693606,26,331583,52.23
11,7,1538307467,227,107185,3.6
115,4,1546509560,37,574881,14.09
72,9,1546682432,214,230781,26.31
175,6,1546692086,3483,537055,2.84
310,5,1546648628,48,0,0.0
120,9,1546695455,439,379303,30.39
99,9,1546698233,87,100068,3.33
89,6,1546655019,1230,1053711,15.35
214,11,1546554438,60,55037,27.32
13,7,1544315036,136,0,5.01
197,7,1541582088,59,233134,10.91
131,4,1546682087,54,181613,13.72
199,6,1546701161,34,454128,24.8
150,13,1546697846,53,284052,15.84
295,8,1546662237,86,359175,13.15
379,5,1546377636,155,0,15.64
18,5,1520284930,25,10712,1.16
31,13,1546578391,373,459275,9.94
141,5,1546560153,121,328816,16.89
268,16,1545133035,73,285402,41.54
62,12,1546511332,208,361305,18.66
88,8,1546598392,235,400251,15.03
67,17,1546266272,15,33316,22.29
-1,5,1546699756,346,0,16.3
274,16,1545595583,55,0,13.38
12,15,1546079351,9,3437569,47.31
156,9,1544063922,496,23576,0.98
247,6,1546663247,874,212598,8.83
117,10,1546051918,106,172489,14.68
103,6,1546690542,100,239400,12.91
94,10,1546685601,1491,621835,13.78
149,8,1546701190,69,279700,9.93
124,3,1546645111,33,0,13.87
713,11,1546586797,427,672442,16.66
207,10,1544149032,113,2499689,19.44
295,8,1546642206,138,545241,6.57
17,7,1546656753,711,122031,5.34
13,7,1543761665,15,0,31.32
80,4,1546572099,32,0,34.0
130,8,1546702577,715,601408,5.32
26,6,1546680950,54,128172,6.4
102,15,1546657928,53,0,9.15
85,4,1546274801,108,375965,7.62
32,8,1546590027,666,227986,7.69
36,3,1546683332,350,0,11.97
122,23,1546684850,440,348842,7.53
279,6,1541537435,177,155826,10.31
23,4,1546681729,92,211438,19.86
375,7,1546564839,102,175121,11.5
77,12,1546564756,16,59786,86.76
41,5,1546656405,289,151063,8.97
-1,4,1546661749,1754,575547,12.46
41,4,1546687293,48,231669,26.96
170,9,1546700457,161,262499,22.31
157,6,1546593143,822,552974,10.05
119,5,1546695778,4769,0,4.13
37,7,1546635258,54,0,9.36
182,5,1546681664,54,498655,37.59
17,11,1546616987,160,44324,4.44
197,17,1546566860,430,0,3.56
293,8,1546693407,61,135364,5.84
278,4,1545053397,778,355894,2.11
118,11,1544933679,9,287306,88.02
53,5,1546697445,242,246765,6.38
1082,17,1546669653,1411,432375,3.0
32,7,1546600804,153,224924,12.18
66,3,1546258522,13,87024,73.05
125,4,1546700997,175,93993,27.69
-1,7,1543001831,488,0,15.91
262,14,1546598090,458,923449,10.55
45,8,1546629809,119,128648,8.11
36,6,1546664377,41,72529,14.68
71,5,1546686142,45,0,18.09
257,11,1546696764,56,327399,10.84
151,18,1546689180,58,91480,6.88
96,29,1546646404,139,81900,12.67
237,20,1546622143,24,53041,5.16
104,10,1542441303,35,12716,9.85
-1,5,1546702164,17,0,0.0
21,11,1545387509,366,45489,4.55
91,13,1546684682,35,98356,17.44
313,8,1546688716,15,43997,3.14
33,7,1546678281,325,0,9.96
61,6,1546700919,440,0,6.33
215,4,1546681010,144,386780,15.39
83,12,1546695757,79,345265,7.27
333,6,1546633282,201,370367,6.67
141,9,1546674524,439,268987,6.51
130,14,1546688395,674,591410,14.74
62,4,1546582092,692,0,2.27
169,7,1546195032,47,289762,19.83
145,14,1546662373,475,611451,24.63
129,4,1546648118,375,304735,3.76
383,24,1546658586,154,606479,9.07
44,6,1540649873,104,75941,8.8
177,19,1546691502,1489,403102,3.42
16,9,1546695153,453,324416,18.86
205,9,1546694782,472,100885,6.08
37,5,1546700318,1158,667550,53.16
48,10,1546654894,1627,504843,6.41
300,17,1546699912,1549,261596,3.58
144,7,1546214208,52,336756,24.79
177,11,1546230377,131,188382,13.31
112,22,1546695257,15,413452,70.06
71,9,1546137559,202,188026,9.72
244,9,1546701062,52,203385,14.18
230,6,1546317974,470,765154,12.48
52,8,1546608455,38,104097,9.28
39,2,1544968708,23,72515,26.24
306,4,1546700464,96,565053,9.91
161,8,1545382013,109,719742,16.17
75,4,1546680085,607,488460,7.48
476,10,1546538354,1128,280465,7.73
140,11,1546678483,46,95301,16.31
290,3,1546703194,571,372767,5.0
75,5,1546574723,55,1148563,11.62
153,6,1546696288,130,0,16.01
113,12,1546674758,100,696452,31.87
212,6,1546358723,128,221007,6.39
45,5,1546632751,338,167728,10.1
198,7,1546444466,166,244933,10.32
160,6,1546494667,41,33612,5.24
96,16,1546390348,128,116453,9.24
77,11,1546628992,204,171021,9.99
148,7,1546382962,77,0,13.18
20,13,1546061685,117,68656,7.49
38,8,1546691830,39,104090,23.07
3,11,1546660097,90,556321,9.96
494,12,1546655424,662,237086,15.29
133,9,1546586196,1486,0,4.46
290,31,1546307083,163,328919,8.11
124,5,1546605184,216,62939,3.39
86,4,1546638851,30,88976,26.06
163,3,1546287177,123,0,5.61
377,6,1546676531,226,200998,10.38
56,10,1546681263,517,188454,6.18
121,11,1546699960,184,302111,12.74
91,4,1546696850,125,285324,12.63
34,4,1546605646,188,288373,28.55
103,19,1546643408,35,0,20.97
73,4,1546690951,19,194652,25.41
83,5,1546557070,1222,382473,8.77
271,7,1546626058,50,149575,7.65
159,15,1546574947,181,353956,8.08
245,4,1546568936,538,539926,13.35
126,9,1546382170,100,65964,13.22
118,21,1546681632,22,87535,7.01
8,5,1546459837,31,151385,2.72
93,12,1531435588,242,71516,8.24
207,7,1546693876,41,107242,7.06
139,6,1546692530,135,158436,3.2
311,14,1538795033,7,59856,0.0
37,7,1546553295,119,515501,9.01
21,15,1532627663,69,176512,10.9
127,5,1546649448,63,441273,35.3
77,6,1546624604,154,110159,12.77
60,21,1546581660,207,75864,16.34
306,15,1546666531,55,95987,51.75
110,7,1546644676,25,58972,4.49
39,31,1546570562,70,116476,8.72
346,12,1546646204,65,576944,22.55
545,15,1546695889,454,144567,26.92
66,8,1546572275,949,0,8.47
219,7,1546574965,129,380130,16.59
90,17,1546701625,129,289757,85.19
23,8,1546676130,293,257183,27.12
110,25,1545945612,82,83919,1.81
214,26,1545380664,161,259586,9.84
54,8,1546670977,95,223246,14.19
44,8,1545838686,22,315942,36.55
160,9,1546695153,48,57928,2.25
271,5,1546677967,332,750857,23.85
24,9,1545913086,29,119045,22.97
126,4,1546698207,2582,0,12.76
59,6,1546672708,629,200195,9.38
170,9,1546636576,351,0,16.15
140,7,1546239410,717,147469,2.03
12,6,1545842081,18,127266,32.73
51,3,1546670828,44,51020,4.1
153,30,1546645544,83,0,7.18
77,7,1546649671,777,369346,3.75
-1,12,1546588931,795,249903,3.83
10,6,1546564485,567,164564,0.85
13,12,1546661797,149,0,13.18
34,10,1546647580,600,518956,37.84
148,4,1546677067,924,97391,2.03
76,15,1546695198,366,366047,9.3
161,8,1546631888,66,371809,12.88
362,5,1546478667,445,461834,6.07
121,9,1546650940,354,393478,19.4
83,7,1543029854,239,0,19.7
282,6,1546683565,554,538240,7.05
233,11,1546700461,74,346195,7.69
52,13,1546441078,332,362830,25.1
48,4,1546689510,506,1169509,4.89
-1,11,1546366880,161,0,16.7
100,5,1546679565,89,351091,11.04
185,9,1546551625,146,169179,8.84
44,18,1546621247,65,144300,11.12
56,9,1546683419,80,194906,21.15
-1,10,1546625379,465,225647,19.25
49,10,1546666857,725,343800,8.95
143,7,1545161866,1023,0,5.51
97,6,1546313330,98,277614,16.95
30,12,1546653643,590,111272,6.97
49,8,1546419899,116,64757,7.85
252,10,1546662418,10893,6496347,49.75
358,15,1546697304,360,138514,0.4
194,6,1546687814,160,309534,13.92
211,9,1546676365,148,665010,19.39
81,8,1546648461,1460,177227,3.74
88,7,1546642849,86,451459,16.05
121,7,1546684483,500,0,9.16
87,8,1546615069,269,0,9.68
187,19,1546647325,1331,374153,14.5
119,3,1546702760,176,471707,4.28
148,6,1546658802,246,202585,7.16
31,1,1540270218,280,0,1.3
314,5,1546628588,240,189019,8.13
3,7,1546532891,1434,98367,0.01
66,9,1546639152,636,540838,17.01
132,15,1546675298,23,0,33.49
78,6,1546564853,781,133420,4.97
279,7,1546657373,28,123676,10.48
16,8,1546687632,21,221022,25.27
219,13,1546696515,7,44407,10.22
65,13,1546650694,197,323839,8.4
193,11,1546673603,649,0,5.95
232,10,1546697800,219,765974,16.57
3,10,1545951157,213,194928,7.82
21,6,1545727884,206,78439,5.9
217,4,1546672121,1041,432913,8.44
258,25,1544099622,113,240183,4.65
114,25,1546595782,360,227187,9.57
78,9,1546659904,2253,216167,3.82
18,7,1546639015,683,354201,6.51
94,13,1546658042,514,241284,9.84
970,6,1546692409,1661,745921,8.73
163,8,1546651230,47,134493,18.71
26,7,1546577072,1571,321080,10.76
233,13,1546673938,277,172474,18.17
130,21,1546682230,208,327531,19.4
12,4,1546641521,1227,47483,1.49
77,11,1546571059,1404,448260,4.51
144,20,1546655870,62,266947,21.6
188,14,1546569713,31,204204,23.76
17,9,1546661355,207,149868,10.81
7,6,1546280783,21,0,52.09
23,11,1546348222,355,280905,17.21
218,11,1546628710,47,143243,12.32
31,11,1546566647,253,63209,3.25
48,12,1546677024,208,1512918,10.77
77,4,1546613446,308,65003,3.97
53,9,1543873910,491,371495,7.67
177,9,1546655473,1915,564907,6.3
57,10,1546568515,280,142733,8.8
43,9,1544088207,94,24013,7.71
160,7,1546667506,580,639609,18.69
48,4,1544709253,604,46530,21.71
73,5,1545785503,1534,666786,12.04
66,13,1546702966,448,0,15.08
267,5,1546694995,35,205271,12.26
-1,12,1546697913,44,0,19.21
325,11,1546671918,3915,1042649,21.54
237,9,1546699050,136,389157,17.72
23,15,1546686625,233,931427,11.73
531,10,1546696482,9725,1190341,0.99
31,12,1546694894,427,205175,12.47
62,8,1546652736,63,27190,5.47
111,6,1546689400,541,647049,6.01
170,7,1546655081,115,298139,21.3
-1,7,1546686913,242,355766,11.17
110,11,1546679486,320,256115,7.39
9,10,1546702953,350,281294,7.27
233,15,1546647189,25,111279,19.96
-1,5,1546698553,13,0,25.18
-1,8,1546627488,76,0,0.0
211,14,1546575454,654,405234,10.31
116,4,1546604297,326,260072,7.19
55,4,1546468261,505,0,8.58
151,11,1546646799,471,762557,19.39
125,17,1546695431,3478,719339,2.74
93,10,1546667460,605,57241,4.02
84,17,1546539799,2540,533428,1.62
50,18,1546642729,18,84151,59.71
109,8,1546646632,1349,578443,7.44
88,14,1546599944,630,0,6.38
70,8,1546690350,449,314923,3.36
93,4,1546669141,65,57023,17.08
173,11,1546621708,77,284232,8.68
209,10,1546548231,905,289498,5.75
82,5,1546696102,341,145226,9.0
193,7,1546672147,226,0,11.66
51,18,1546702167,62,29025,10.04
296,11,1546631816,80,396747,11.95
48,6,1546577881,621,328880,11.38
185,8,1546224630,54,157320,13.98
70,20,1546630868,16,257011,54.72
127,4,1546698869,331,299038,16.1
102,17,1546627930,268,211528,7.51
-1,15,1546667560,207,481753,26.99
27,4,1546701062,277,0,6.3
25,6,1546607784,181,303976,30.94
155,6,1546698770,687,934922,30.8
579,9,1546678674,147,865659,13.17
183,4,1546664196,3913,0,5.65
210,13,1546631910,829,0,5.26
301,7,1546642228,82,354172,9.71
96,18,1546119779,95,214630,10.58
47,3,1546530415,75,278363,11.05
130,17,1546692188,370,0,4.38
188,8,1546687381,42,65392,6.75
67,7,1546585251,593,0,9.76
228,10,1546573784,260,164984,9.73
141,7,1546641484,100,504556,12.25
0,8,1546663438,8,235061,27.71
75,11,1546674021,95,189775,25.3
117,11,1546676982,178,417885,13.28
73,7,1546687640,342,664690,10.25
124,3,1546641938,87,68742,2.45
107,13,1546555760,261,467194,12.83
204,6,1546668761,1840,452865,7.64
184,11,1546649857,1313,219399,83.81
48,5,1546661514,490,417295,7.99
196,17,1543684506,55,624100,23.58
200,5,1546685349,336,65143,9.39
106,11,1546548302,109,271684,17.34
84,9,1546599684,328,426089,11.92
95,12,1546663421,275,116397,5.82
161,7,1546589951,201,682304,19.32
98,4,1546644926,321,431581,2.98
240,5,1546627662,81,120888,5.03
306,23,1546260458,34,0,11.17
163,8,1546671306,2308,1057905,1.65
563,6,1546679018,729,0,10.98
176,5,1546634197,190,257107,9.32
182,6,1546700455,260,166330,6.65
293,10,1546688113,520,482758,10.32
58,6,1546648892,623,380461,22.65
107,12,1546699087,215,175815,8.37
12,7,1546651818,542,195399,25.24
300,5,1546576249,46,462305,7.92
74,6,1546648220,856,299410,12.75
66,4,1546699606,40,0,7.12
96,9,1546203968,270,0,6.28
91,6,1546684013,92,148682,8.97
93,14,1546387677,46,0,15.46
100,9,1545401183,258,294963,16.13
-1,6,1546642274,47,0,17.72
261,6,1546674654,192,425553,16.07
344,7,1546655890,22,312459,24.42
41,12,1546632121,70,147980,17.22
152,7,1546667898,72,0,12.94
58,6,1546680916,353,210359,13.17
54,10,1546665169,169,111691,7.44
200,6,1546698273,137,550644,21.41
46,5,1546573882,41,440592,9.16
388,8,1546656699,97,183300,11.29
35,15,1546597456,81,92910,9.12
119,8,1546618749,121,205127,15.69
7,9,1541101674,33,352051,13.95
97,9,1546637145,1272,333589,4.97
72,10,1546698436,110,266547,13.41
56,7,1546118584,611,120244,10.06
248,8,1546661071,1748,0,30.99
127,22,1546667678,92,442504,14.94
83,13,1546586315,755,596980,15.77
299,7,1546691589,39,245639,8.21
43,11,1542585051,216,162183,9.17
70,6,1532181521,67,0,5.56
79,9,1546686153,443,266589,6.45
-1,3,1546664179,284,338273,17.73
-1,8,1546678947,464,303106,7.87
67,8,1546647568,67,141159,16.28
75,13,1546669178,188,142886,13.11
61,7,1546645929,30,316962,12.11
128,5,1527080314,53,14179,14.57
152,11,1546660110,82,238922,13.87
31,10,1546639276,356,169826,10.76
145,6,1546689521,372,348782,11.75
186,10,1546526097,149,321231,11.95
175,13,1545073949,142,172286,11.97
-1,14,1546646040,54,692786,23.22
92,7,1546592955,701,279944,20.91
85,6,1545550624,1007,160859,5.3
37,5,1546581650,414,512500,13.14
211,6,1546679435,1067,1225578,23.07
57,4,1546701986,77,177998,9.56
142,8,1546619499,1562,431845,7.98
780,14,1546701553,2478,732465,22.48
338,13,1546607733,73,221853,7.78
89,14,1545514841,181,158578,15.57
17,3,1546408968,331,517904,21.6
477,7,1546691402,410,218726,16.45
55,11,1546666364,168,359180,20.47
448,8,1546702449,1476,0,7.47
25,8,1546694177,386,74972,5.54
274,12,1546568796,237,574808,6.19
125,7,1546650034,145,637401,13.86
56,7,1546634584,40,201371,26.56
82,5,1546665156,368,185588,7.46
60,5,1546649088,385,331090,9.45
291,8,1546673482,222,347106,17.08
186,10,1546294577,288,0,17.51
59,12,1546667037,207,579888,10.78
184,21,1544656460,147,384986,14.78
119,9,1546702153,1631,785381,8.87
117,12,1546697672,142,238053,11.25
202,9,1546613848,176,125366,11.49
256,12,1546681888,45,291467,15.38
231,21,1546527719,18,381082,37.63
16,7,1546681664,144,466247,32.62
90,11,1546695062,253,291314,9.67
125,8,1546697395,401,351426,20.63
72,11,1546612697,543,395177,14.21
49,8,1546552962,13,300078,54.17
106,11,1546102435,259,0,7.57
102,5,1546649880,169,265250,7.95
103,13,1546691978,65,281846,19.21
285,5,1546646421,104,79639,12.04
303,13,1546665678,2679,912991,6.5
-1,30,1546663488,127,0,0.0
96,18,1546461703,12,332981,62.78
260,14,1546581963,273,650120,11.33
311,19,1546691406,103,545263,17.16
15,10,1546452454,144,101582,4.71
-1,4,1546651501,725,0,0.0
489,23,1546685141,55,747968,12.53
-1,3,1546644900,285,366105,9.6
86,12,1546703141,87,0,5.37
105,12,1546627009,46,446264,9.01
31,9,1545721369,7,34136,38.1
211,9,1546631594,240,541454,14.95
144,7,1546649190,65,219840,23.06
15,11,1546664472,341,154714,12.69
95,11,1546656829,213,281670,4.69
79,11,1546638533,352,442771,16.15
64,6,1546645731,81,272417,8.13
70,9,1546636718,89,256567,7.64
68,6,1546695897,34,322015,7.77
330,9,1546535255,90,69125,7.46
45,18,1546687626,221,180525,6.04
225,10,1541372568,8,364023,48.7
119,7,1546702716,291,194551,13.57
252,12,1546680730,714,581889,11.89
188,12,1546650214,1309,635577,16.42
120,12,1546669738,279,370423,18.36
58,13,1546699552,72,51353,7.73
56,8,1546693926,166,106351,10.2
479,8,1546643568,1848,699727,6.08
-1,7,1546689886,183,307963,10.84
102,4,1546693804,422,223313,6.3
94,11,1546690406,915,219418,8.85
69,10,1546616716,662,169042,12.69
75,8,1545255003,272,276863,9.39
217,5,1546005078,120,160964,18.97
166,7,1546685015,455,619693,17.31
193,3,1546614537,1054,230931,3.83
120,5,1546657581,85,334372,17.2
89,8,1546592663,182,256771,5.59
165,4,1543687914,160,293099,9.6
48,6,1546700580,596,302974,8.27
60,10,1540903870,124,59899,8.36
259,6,1546696005,20,300890,31.14
-1,5,1546474167,143,76934,8.27
97,4,1546159711,87,180376,21.4
80,6,1546678238,395,428088,9.06
26,13,1546696643,192,261685,20.59
49,9,1546691774,164,170331,13.35
264,3,1546016202,169,0,9.67
83,6,1546680712,303,0,11.82
123,8,1546665971,115,118358,16.25
122,10,1546693813,382,204697,10.96
87,11,1546636248,285,261666,9.23
72,11,1546640390,38,0,18.6
176,7,1546610972,2814,667893,14.9
53,12,1546680519,641,233403,7.7
44,6,1546567382,30,298892,20.85
93,6,1546699815,54,0,12.04
99,6,1546662215,540,472770,8.46
85,11,1544414536,262,80858,8.58
239,9,1546698145,366,396839,13.87
56,3,1546703509,2142,412450,3.57
57,14,1546474690,327,293448,9.06
-1,7,1546694686,191,191500,21.38
85,9,1546698614,553,867160,0.0
192,5,1546644238,27,235606,24.39
216,9,1546628709,233,0,12.56
81,6,1546566502,1785,0,1.69
194,8,1546654757,80,533097,10.56
123,22,1546652881,534,0,11.72
47,13,1546568835,341,878193,29.01
100,6,1546677623,51,0,28.73
463,7,1542539514,319,103189,11.34
95,6,1546675352,352,292474,17.28
100,9,1546681665,606,389290,17.72
277,14,1546662987,96,408395,20.23
317,17,1546659213,200,946850,20.25
285,2,1546648020,186,279252,7.74
104,10,1546634456,1174,302888,6.03
295,11,1546579394,25,211325,8.6
-1,7,1544457744,36,64031,12.8
19,16,1542559280,9,24769,2.6
24,10,1546664878,119,198714,12.24
102,24,1546677560,314,971503,18.22
22,6,1546264898,303,202173,17.52
115,8,1545903404,82,0,8.77
-1,6,1546613762,285,0,27.35
153,12,1546691619,56,249590,19.21
166,13,1546692846,173,339208,12.68
92,7,1546667522,2519,478439,6.28
56,7,1546689447,423,0,13.12
51,12,1546685665,910,330892,13.15
146,7,1546664271,656,358204,7.12
70,4,1546626683,294,206707,9.03
220,4,1546629024,188,444093,13.04
111,10,1546656970,9,0,51.96
32,8,1546644293,17,201675,54.59
96,10,1546549397,201,650590,18.48
38,14,1546291645,2929,495707,5.76
173,19,1546639552,62,191034,15.37
266,15,1546669545,368,739226,3.18
19,5,1546657977,481,446791,6.84
305,15,1546652622,317,154738,6.58
39,8,1546563888,850,309801,5.6
183,17,1546596481,210,843530,14.2
51,7,1546645327,273,547507,21.99
91,6,1544646069,1056,235003,2.25
163,6,1546680965,31,0,13.33
31,14,1546345603,4,394364,67.16
-1,5,1546568175,174,735754,13.36
49,23,1546700339,162,183153,10.6
21,5,1546696231,439,446304,65.89
103,20,1546673668,462,427987,9.95
64,5,1546571740,294,216149,41.42
86,6,1546687906,273,453813,22.49
139,4,1546698826,425,434931,13.61
124,9,1544487075,17,98092,43.13
88,4,1546649931,262,237284,55.01
142,8,1546693834,270,663963,7.3
56,9,1546449481,121,74131,9.43
271,9,1546672768,34,0,21.21
39,26,1546678097,199,259220,16.69
279,4,1546702893,72,340039,7.61
108,11,1546646966,64,0,13.64
400,10,1546615617,1194,194914,3.27
54,4,1546679752,1031,642167,12.55
164,9,1546682738,227,127808,3.09
108,18,1546657362,579,0,8.6
26,4,1546700342,1986,0,2.63
115,9,1542279219,172,183200,8.95
270,5,1546351517,8,520334,28.2
59,15,1546700399,675,551624,21.69
79,6,1546681390,816,592250,9.82
94,6,1546687330,37,302987,18.17
53,11,1546652681,54,208254,8.26
218,7,1546703179,62,358481,15.81
49,14,1546657922,519,235333,11.02
184,22,1546648130,866,261982,7.74
125,9,1546692715,37,667901,9.09
102,7,1546650057,422,285711,8.85
66,11,1546684538,160,401508,17.13
35,11,1546654463,876,248326,5.56
61,3,1546679785,34,73079,15.22
245,4,1546637808,570,230011,12.01
38,4,1546629109,329,497353,13.18
20,6,1546550754,818,409424,16.11
-1,7,1546620909,22,198595,31.79
132,10,1546669636,1495,150691,4.21
178,8,1546689744,94,215928,18.43
13,12,1546132088,424,71310,5.54
375,9,1546700979,5961,2130139,3.31
111,8,1546557491,94,264471,16.18
95,11,1546661577,225,356966,12.79
106,15,1546666930,203,792642,10.45
114,13,1546548248,738,478510,44.38
68,12,1546378116,77,406422,17.47
-1,6,1546664710,319,1283956,15.16
31,9,1546567153,422,289574,11.86
57,9,1546700525,230,236679,12.46
99,11,1546660363,637,339964,14.07
11,6,1546598144,52,28567,10.07
211,8,1546604942,174,250219,12.61
110,20,1546678971,2645,580154,2.95
441,10,1546684798,634,645954,38.72
222,3,1546493883,1904,253067,4.49
57,5,1546702912,1633,473804,8.92
155,8,1546644087,76,87224,16.16
104,6,1546600063,9893,0,79.2
51,10,1546661542,217,242058,19.52
117,6,1546651536,127,575464,7.93
97,12,1544134520,139,310513,13.98
119,5,1545532166,102,0,9.6
185,8,1546702660,1654,223919,1.98
52,11,1546619925,421,88163,4.3
34,5,1546582019,528,635991,27.9
70,12,1546688066,25,66134,31.7
40,8,1546647726,243,414832,22.33
65,9,1546659824,161,139569,9.8
85,9,1546676426,74,419296,24.49
93,10,1546687161,896,204230,7.11
141,11,1546633640,2829,916147,32.23
103,9,1546670947,61,195151,29.53
186,6,1546337038,60,346488,11.61
477,15,1546684428,48,68747,12.04
38,14,1546661703,666,0,8.51
31,15,1546673273,397,322367,13.77
48,6,1546037283,121,539638,17.38
24,10,1546523961,15,464589,26.67
116,4,1546621465,207,266714,8.75
66,8,1546657635,273,789354,32.42
80,6,1546664979,108,541091,19.69
169,3,1546582251,85,617458,13.78
132,9,1541831791,30,0,8.56
182,6,1546034799,201,290368,15.64
81,4,1546646545,958,730553,4.22
63,4,1545223291,660,120908,2.25
166,7,1546696425,517,202385,7.42
38,8,1544907793,89,398086,11.17
163,16,1545355862,320,196739,6.07
249,3,1546591221,320,574277,11.04
194,7,1546677793,273,374982,9.5
0,7,1536607234,26,359766,49.84
241,3,1546685330,95,314791,16.41
12,11,1546106203,26,325663,47.86
218,7,1546644660,169,176545,10.51
231,7,1546691304,551,816144,11.46
222,20,1546466286,76,181426,11.02
39,8,1546663159,79,447043,12.3
160,4,1546631912,1827,283006,1.86
93,10,1546645323,165,190053,14.21
55,14,1546639908,22,139101,38.47
251,6,1546643742,6440,871298,3.46
250,20,1545669775,239,373481,6.03
59,8,1546650562,90,265281,5.93
252,8,1546698988,825,469732,1.69
61,14,1546687705,863,277411,5.4
705,14,1546668462,2931,1405790,3.35
28,15,1546674276,375,148690,14.99
137,13,1546697246,295,228483,7.53
95,9,1546197243,172,80136,7.44
91,6,1546677764,56,217655,5.72
45,6,1546701998,709,116866,4.44
88,8,1546660006,99,327559,24.54
332,7,1546615109,21,196606,11.92
54,16,1546646933,155,175939,12.87
152,17,1546676603,472,318482,12.02
267,19,1546652649,278,408673,7.08
160,6,1546597582,346,287943,7.58
45,3,1546688631,192,130039,12.48
20,6,1545891659,379,127369,9.11
65,5,1546703026,176,286196,8.06
187,5,1546571526,348,212540,11.54
35,5,1546638065,665,242537,8.0
22,9,1546687516,271,517988,12.01
139,14,1546634242,863,295760,13.37
129,10,1546696030,162,190596,12.54
118,25,1546655270,203,223436,5.75
19,19,1546638872,339,396036,8.4
276,16,1546576040,277,406622,16.03
89,6,1546667384,8975,307634,0.29
55,12,1544945929,963,316195,9.8
118,4,1546589788,421,462120,14.27
46,7,1546700791,12,114095,37.72
128,5,1546624353,2232,202861,1.12
219,7,1546681352,36,283264,17.11
70,4,1546632710,57,90522,11.84
250,10,1546635311,56,218621,8.9
209,3,1546664050,360,426582,8.36
95,17,1546701224,431,220741,6.7
147,19,1543298895,180,83798,17.8
89,6,1546650304,355,170452,4.84
42,5,1546469230,34,112527,18.45
300,16,1546630636,1542,604876,3.66
29,6,1546643935,313,392867,13.98
382,8,1546631359,204,690362,12.49
35,15,1546584730,33,78585,14.14
20,6,1542844421,270,54160,4.19
117,24,1546412905,280,364698,8.91
143,8,1546703288,42,192436,26.03
120,15,1546695500,1742,404977,12.87
47,11,1546691731,188,205945,8.54
24,6,1545849227,362,362800,15.72
233,7,1546696976,94,173332,16.89
42,12,1546700243,122,297411,17.34
114,6,1546665723,231,326942,6.4
131,5,1546579091,158,292343,18.79
193,19,1545218022,105,340148,15.72
46,6,1546549861,508,347435,15.12
146,5,1546698953,2975,321856,2.46
186,4,1546182512,24,203661,26.54
31,23,1545332604,23,65984,19.62
71,7,1546696558,201,200693,9.04
124,6,1546643923,130,114756,6.68
72,4,1546666488,439,520638,22.77
119,6,1546603897,624,417707,10.54
104,8,1546697516,404,57591,1.68
139,16,1546558506,192,452964,18.55
190,11,1546663442,107,318438,9.74
334,23,1546616348,92,429744,14.9
38,11,1545363413,55,5475,6.36
204,14,1546651139,154,390117,11.75
870,1,1546688035,956,131742,15.09
343,9,1546685141,9976,1328722,0.62
16,2,1523089358,7,7032,0.0
72,6,1545341143,24,120252,13.12
89,6,1546649830,382,702134,18.22
16,11,1546684633,236,181347,64.91
305,9,1546665123,64,467569,12.83
82,6,1546699422,85,519179,14.64
78,5,1546678364,187,65371,42.97
46,16,1545767093,10,220017,47.08
89,11,1546698896,282,517621,81.96
39,7,1546656554,893,809326,17.23
77,22,1546683553,719,879664,33.74
262,8,1546680453,522,539637,14.92
35,6,1546594302,84,81469,9.28
16,4,1546697973,11,111007,46.44
31,13,1546489010,433,147701,8.67
208,13,1546681432,456,171909,4.8
45,7,1546385626,332,146765,6.69
69,6,1546578777,821,362929,5.72
55,9,1546699927,410,658995,31.44
118,4,1541755254,13,189363,33.97
184,11,1546689294,111,428110,11.48
376,5,1546693101,425,418447,11.75
78,5,1546688599,215,124579,8.84
212,10,1546661155,215,272455,17.93
32,10,1546670666,863,599352,15.13
165,27,1517599692,18,9569,7.19
134,14,1546672284,329,0,15.1
71,7,1546698612,77,0,7.65
57,8,1546639343,33,116397,11.39
225,22,1546649563,216,954305,15.66
119,6,1546647318,131,271236,8.59
71,11,1546646720,10,116313,43.8
155,9,1546669300,766,203931,22.33
217,7,1544222557,18,280042,34.53
118,8,1546590335,300,148969,14.68
28,7,1546537010,774,488348,18.13
31,6,1546609895,128,212535,13.43
46,9,1546690223,512,157984,6.29
80,5,1546703583,5685,811797,3.13
126,14,1546697644,632,1326093,4.61
137,7,1546649568,465,224071,16.59
113,9,1546670057,313,156779,18.69
40,5,1544642757,8,11479,20.32
74,4,1545628854,6026,2287672,6.02
131,10,1546702022,265,342288,10.81
107,11,1546649955,857,0,12.52
257,4,1544246487,58,314037,9.16
158,2,1546658635,123,273956,10.98
161,12,1546583906,285,218589,9.97
200,7,1546525150,809,178757,4.65
182,6,1546684120,54,539623,18.06
83,11,1546606164,655,370117,8.58
31,6,1546658162,83,336521,44.77
43,9,1546668571,489,791141,22.71
319,7,1545855126,15,588610,11.34
134,6,1546699318,69,176241,15.5
191,8,1546698821,2285,874278,54.41
161,19,1546703346,28,160355,7.64
6,14,1546643117,593,0,13.34
56,13,1546700368,49,0,7.88
64,9,1545796671,108,107282,18.07
206,15,1546661848,342,346667,7.61
32,5,1546117671,464,249935,7.56
99,3,1545416135,39,46340,12.6
149,8,1546566483,16,125643,48.84
48,12,1545605064,126,204566,9.44
107,4,1546696440,80,453148,18.28
277,7,1546668933,316,151383,11.75
31,3,1546436260,182,0,7.43
224,10,1546696883,256,0,16.21
91,13,1546652294,167,443371,11.22
51,8,1544342585,149,176433,19.15
174,23,1546690779,75,252189,12.6
230,27,1546669658,172,82432,5.28
114,8,1546702937,1227,490454,6.34
53,6,1546485983,181,135006,8.8
49,14,1546699129,25,155247,16.26
-1,9,1546476811,434,233065,10.75
76,12,1546657109,364,85513,13.5
55,5,1546492714,110,43249,4.43
96,12,1546645886,312,232428,6.9
148,11,1546542702,214,224822,6.96
-1,13,1546559965,874,700028,11.66
54,6,1546645470,180,226302,21.16
-1,5,1546697244,297,0,18.17
178,6,1546688173,450,402901,23.23
-1,4,1546483745,23,0,28.07
98,12,1546384615,35,0,19.91
332,4,1546663919,406,419295,8.68
64,6,1546688370,48,280910,10.83
34,10,1546650732,124,135088,8.27
-1,4,1546684001,76,0,8.67
197,15,1546680949,352,287337,20.07
158,18,1546467548,75,152460,10.6
339,6,1546610112,50,449323,9.89
147,7,1546591798,29,609474,16.18
4,6,1540133455,56,105273,14.12
282,3,1546702098,428,142734,8.11
68,11,1546690852,4,139078,81.44
300,6,1546366777,116,702558,33.56
257,6,1546685215,97,401671,14.41
126,2,1546676491,75,0,12.08
97,10,1545515340,102,223662,11.5
73,4,1546681666,1144,605323,12.24
471,8,1546685304,381,824682,12.94
103,8,1546699977,204,155151,16.36
89,11,1546295569,102,144087,9.67
86,6,1546635198,103,105317,8.67
317,7,1546700938,222,0,9.66
101,9,1546657526,642,287002,10.49
139,6,1546698270,130,201339,14.25
19,9,1546679250,855,1035833,4.0
272,8,1545184128,321,0,4.0
94,22,1546647885,81,484520,33.64
55,5,1545673897,113,0,4.43
248,5,1546692547,113,343289,9.43
-1,5,1545948183,173,236360,23.18
282,9,1546188836,61,0,10.61
381,22,1546692124,508,744618,4.89
65,12,1546568318,428,460563,9.27
322,5,1546644859,101,257636,31.88
328,7,1546617574,450,546500,13.0
94,6,1546668881,47,199494,13.79
103,8,1546491707,351,0,12.7
182,9,1546432135,40,216135,17.04
52,11,1546670531,173,486623,33.99
221,17,1546677579,686,160836,7.82
107,13,1546267540,80,138827,25.59
196,7,1546700992,32,298152,22.27
389,13,1546555745,300,67553,1.19
302,12,1546487406,177,221070,8.58
149,9,1546641699,303,179850,2.87
701,20,1546650432,1050,541664,45.81
72,13,1546697144,528,587858,6.82
88,6,1546654525,171,197487,7.38
46,14,1543088531,580,106093,5.16
70,6,1546665043,192,648771,15.39
82,30,1543381424,26,71942,7.67
11,7,1546681583,136,176313,8.25
97,22,1546654445,286,565538,18.34
320,10,1546594656,268,457966,6.48
119,5,1546647090,52,187372,20.78
159,30,1546630312,501,121128,16.11
-1,5,1546579341,164,0,0.0
233,7,1546653621,212,128685,5.87
164,17,1546657666,518,627000,17.53
8,9,1546596233,81,438101,28.34
109,4,1546620214,40,620262,13.23
215,5,1546631343,409,349365,9.85
78,8,1546652134,390,0,3.74
133,6,1546645552,131,338244,27.24
75,3,1546695468,105,268454,16.33
214,13,1546649927,66,214067,27.25
323,3,1545743800,85,289604,11.57
107,5,1546680479,605,220517,3.88
106,6,1546639110,420,451027,9.38
34,14,1546654715,184,125282,9.13
158,13,1546662809,313,505129,12.67
48,11,1546696070,218,94768,10.71
60,9,1546698996,398,0,6.98
90,11,1546545391,66,64413,8.75
276,16,1544897641,61,305503,10.65
-1,15,1546692968,49,227734,18.76
39,9,1546697301,369,400399,11.75
233,15,1546656087,54,351120,11.99
55,7,1546652180,1470,477740,8.18
277,7,1546546126,253,298895,10.33
247,8,1546702099,409,256401,26.52
68,7,1546663969,730,0,9.93
101,4,1546674453,100,279267,30.49
216,12,1546664552,281,368031,13.44
204,9,1546695491,105,194344,8.09
-1,5,1546639758,83,627173,19.95
100,8,1546630559,250,0,25.59
224,7,1541745022,16,509344,11.49
64,5,1546499784,155,0,15.38
144,10,1546508892,481,0,7.53
53,6,1546646081,188,243219,37.85
46,10,1546703911,263,265724,16.21
43,28,1546638381,116,100646,22.11
166,13,1546678576,259,456467,17.49
-1,8,1546681661,485,502216,22.01
215,4,1546628622,241,368985,12.0
329,4,1545710827,72,257487,26.81
45,11,1546673230,310,245933,13.69
13,7,1546629717,31,100963,23.47
46,4,1546132503,174,0,17.59
25,8,1546689508,70,260488,21.2
270,5,1546683647,355,652039,20.27
86,23,1545553828,153,167727,5.35
40,10,1546610852,533,223579,21.63
79,9,1546379185,160,498793,11.63
63,9,1546663541,151,211334,12.63
60,7,1546679026,213,460821,8.78
-1,19,1546685778,90,190248,7.69
2,6,1546651663,117,18064,2.97
155,13,1546239485,465,182665,15.73
112,5,1543956536,237,166522,14.57
-1,18,1546695334,111,0,24.67
26,5,1546694452,112,604611,23.46
33,12,1545996643,253,129574,7.83
90,5,1546042730,144,0,9.51
166,11,1546604319,534,71406,2.33
358,11,1546698889,51,676566,38.95
79,19,1546570332,224,293052,8.29
9,8,1517098823,215,99955,5.2
-1,6,1546591821,737,0,4.32
76,10,1546684482,51,139380,11.41
56,6,1546690574,556,553268,25.77
75,8,1546654171,44,0,4.64
119,11,1546701787,121,316416,15.33
168,8,1546531467,143,270372,12.91
99,10,1546668496,101,119434,11.8
327,7,1546659516,68,93992,3.38
134,13,1546659844,268,378683,14.72
232,22,1546171396,206,433814,0.5
171,7,1546689120,362,332786,5.49
71,8,1546693134,212,195046,12.32
50,9,1545937628,126,105188,7.72
-1,6,1546703438,466,327890,30.4
40,10,1546646781,49,238833,16.02
252,4,1546006162,342,352039,11.24
145,4,1546010429,64,0,16.04
374,6,1546692713,1236,158248,2.25
27,12,1546703187,256,290093,7.62
117,6,1546649395,131,142014,12.63
168,6,1546701781,631,437388,16.26
55,8,1546646554,327,210952,22.14
18,12,1546618864,112,108164,10.01
128,5,1546696789,206,561105,11.14
133,5,1546637186,1407,446326,3.61
94,7,1546625901,148,181934,21.37
113,13,1546688633,358,654942,24.9
107,8,1546550024,3851,480573,0.78
15,8,1527876700,10,24937,14.32
274,8,1546696557,388,174683,6.2
115,16,1546670509,412,574269,7.52
254,6,1546435218,367,0,10.2
255,11,1546607755,159,93737,7.69
-1,18,1546700480,189,0,0.0
103,16,1546621666,230,622937,28.59
0,9,1546650332,457,280696,7.94
29,10,1546669249,324,1067443,15.55
262,5,1546609890,42,109369,17.19
302,15,1546694799,174,581465,8.34
41,10,1546462434,437,296176,12.62
31,7,1545677714,49,105364,11.63
224,12,1546673516,122,346492,32.04
251,6,1546066910,437,0,5.85
90,11,1546619139,507,384664,5.72
119,7,1546671819,267,160310,11.08
66,13,1546379924,144,363475,26.43
63,12,1546675179,991,0,4.32
37,15,1546606367,260,0,9.42
244,6,1546650381,213,688444,19.6
22,4,1546701375,966,229832,1.33
55,10,1546256013,104,103649,9.34
36,5,1546437878,232,280978,9.62
31,5,1546632959,67,257208,5.86
16,4,1543434449,177,164647,11.63
154,14,1546635642,540,0,7.87
79,25,1545138128,30,112286,9.89
-1,14,1546601627,676,0,7.09
162,6,1546703844,1388,553884,2.6
62,7,1546652655,8375,25052,0.1
54,17,1546650000,299,128008,11.27
72,6,1546687875,269,210734,9.89
120,8,1546654183,266,153736,9.46
41,5,1546654633,361,469089,17.66
49,4,1546686022,537,459877,16.62
64,7,1546584812,145,261910,12.47
36,6,1546656261,17,239834,49.91
328,15,1546650640,169,620558,9.78
57,5,1546694660,76,241665,16.39
56,28,1546642799,408,466228,11.98
179,8,1546700509,916,198693,2.98
381,26,1546139091,781,425902,11.25
49,11,1546295332,89,87841,8.45
250,19,1546418768,58,201308,10.85
39,9,1546690057,34,163732,14.7
28,6,1546570350,286,349504,7.28
165,8,1546661317,406,464791,10.74
81,8,1546691082,113,36733,5.71
14,12,1546659665,263,412399,20.87
81,9,1545749192,77,257165,21.1
44,9,1546673222,237,88465,80.89
44,7,1546647454,91,171880,6.7
178,18,1546684459,407,280950,12.35
167,5,1546701842,179,344904,29.13
224,10,1540601797,78,41412,6.08
576,9,1546617157,311,652838,20.84
151,15,1546653576,376,763335,7.51
133,5,1546648630,31,0,11.68
587,13,1546653965,1321,1061510,16.45
95,7,1546687428,308,582635,25.6
28,6,1546703773,324,458556,26.47
77,5,1546691320,41,448770,11.81
32,18,1546638717,251,486226,10.34
141,4,1546643070,1660,469420,11.18
47,9,1546668081,292,304742,10.12
26,5,1546630015,365,420699,14.24
196,8,1545343475,201,499154,12.65
494,8,1546522619,64,312182,20.08
32,7,1546666961,231,526979,8.75
311,9,1546346076,79,332160,18.47
86,6,1546530157,654,228308,6.55
206,5,1546690275,158,420842,8.98
100,8,1546660697,548,55935,1.76
305,7,1546686736,174,345142,11.85
362,5,1546670519,189,230499,13.32
74,5,1545995509,77,93940,4.31
14,9,1545741893,61,0,18.43
154,7,1546481356,209,586677,14.63
15,7,1546631076,627,473091,14.3
43,14,1546699588,468,186382,9.02
153,4,1546664824,204,329740,6.75
75,12,1546615337,39,182472,9.4
7,6,1544341658,33,142451,30.69
65,5,1546632809,262,202754,6.89
303,6,1546626133,294,194753,14.05
147,12,1546693261,730,238505,14.67
71,5,1534615248,93,217159,35.6
265,4,1546650384,7,167590,67.17
78,11,1546564783,258,123858,6.93
17,9,1546676206,251,122846,8.49
108,8,1546678163,172,245380,44.53
108,13,1546597473,691,337934,10.24
-1,1,1546682586,261,0,12.74
21,11,1546687949,162,132880,66.06
136,10,1546604153,896,244519,4.44
12,8,1545574025,773,0,4.75
77,8,1546611417,1674,262674,3.27
35,8,1546699865,603,321364,45.89
28,9,1546528137,265,58239,8.12
135,16,1546677472,194,295712,11.54
195,11,1546624910,276,262050,6.53
92,9,1546702867,319,603132,20.19
13,15,1546688140,383,266220,20.4
50,13,1546661512,121,232583,13.44
78,4,1545669450,269,329381,20.62
174,8,1546695486,81,173025,21.53
101,14,1546655947,467,400311,9.19
284,8,1546206658,783,255353,5.14
36,7,1544989767,1262,84204,1.62
220,6,1546702591,14,0,65.06
40,10,1546250490,1064,364009,8.07
182,18,1546669032,881,555939,10.84
69,10,1546679013,662,0,4.62
246,22,1546693340,5,201402,48.14
122,15,1546456030,19,235930,42.78
331,5,1546666506,53,273826,14.25
15,14,1534056417,216,28058,3.73
140,32,1545724406,592,398815,5.82
192,11,1546703460,317,134024,9.58
169,11,1546645735,286,395097,22.96
196,5,1546698142,161,151120,11.38
160,6,1546663906,124,0,0.0
16,8,1544694728,155,45047,4.13
59,12,1546561050,157,154112,20.88
89,3,1546688871,483,361233,10.49
62,12,1545734338,205,129147,12.04
67,7,1545762878,324,133310,15.7
63,4,1546229095,517,181932,12.83
21,6,1546649176,542,296670,10.35
81,9,1546455323,157,108950,4.2
268,14,1546542085,294,626626,14.72
62,16,1541910756,280,180026,9.93
73,13,1546675630,465,202689,6.86
132,13,1546690769,1075,39136,2.35
92,22,1546702098,78,49329,9.06
434,19,1546680242,472,1124241,35.2
100,7,1545420398,189,78993,13.18
83,11,1546689230,196,373304,11.86
134,15,1546605960,362,261870,20.75
133,12,1541466923,2660,534963,9.8
247,1,1546702672,117,316873,8.57
80,4,1545933070,338,148780,8.33
334,10,1546650564,43,401727,6.19
220,7,1546631506,2736,373174,1.81
101,12,1546570781,4719,1372283,12.01
101,11,1546672438,290,288289,20.41
262,5,1546694360,71,343076,18.51
87,9,1546699171,416,349315,9.23
371,13,1546582752,717,164891,4.74
23,8,1546571444,402,0,6.92
140,4,1546556735,397,439054,10.85
81,10,1546518975,202,250303,17.21
66,5,1546651041,986,108725,8.0
293,9,1546588626,388,300262,13.81
81,7,1546697953,369,478140,6.66
219,12,1546568230,128,0,14.02
172,31,1546634431,1151,237020,6.27
18,22,1546645665,19,155675,3.76
7,7,1546583734,422,381347,12.0
11,16,1546567802,30,86403,14.31
7,9,1546626566,117,150586,15.75
142,10,1546664207,620,335587,3.5
178,12,1546591217,209,436534,24.67
245,2,1546621122,982,529325,12.38
78,11,1546544462,12,29677,19.72
155,7,1546555061,263,66360,4.34
140,10,1546663632,97,565515,11.14
262,15,1546698040,341,350209,12.54
96,10,1546684938,213,206197,11.66
161,5,1546671894,376,409002,21.62
256,8,1546676971,215,333676,18.89
33,6,1546693872,413,227638,10.23
64,7,1546545020,70,220474,12.77
154,2,1546663447,522,0,4.59
285,7,1546631247,267,259951,8.88
230,3,1546595041,183,644992,11.23
49,5,1546702990,66,391185,8.9
87,17,1546203523,161,0,6.05
34,10,1546702824,239,173848,9.23
578,4,1546646939,13450,1412943,0.19
87,16,1544737795,420,233957,9.86
200,9,1546647249,221,306315,11.98
33,17,1546676154,27,267242,17.16
340,9,1545780335,126,364390,31.06
81,2,1546696110,98,48920,12.5
99,6,1546641872,37,180950,18.48
20,14,1546677351,205,257376,23.53
125,4,1546636673,1873,612821,0.81
125,7,1546675916,166,0,11.41
37,5,1546667486,457,149792,13.23
132,15,1546558004,244,150072,9.77
70,19,1546218703,128,114188,9.22
41,2,1542516632,147,141724,8.88
279,14,1546645409,25,278734,35.13
255,11,1546542840,38,146126,18.01
63,19,1546567504,48,148770,14.29
37,10,1542242567,334,130369,11.6
59,12,1538483857,12,77714,58.15
263,8,1546641806,51,148394,5.48
429,25,1546687401,140,172944,5.06
141,16,1540816925,169,111215,7.27
37,14,1546287385,47,119417,10.23
235,5,1546660034,25,317546,17.65
106,4,1546683421,394,335251,10.44
85,8,1546558164,47,179837,10.01
18,7,1546701364,73,0,8.48
230,16,1546687945,492,442871,8.04
100,25,1546327048,38,151706,31.1
147,16,1546682940,166,0,10.17
162,7,1532900979,317,182116,13.08
57,23,1546697703,707,739465,11.66
125,14,1546655004,137,561538,15.65
60,2,1546498028,222,358651,11.73
292,9,1546572165,565,310897,4.13
76,13,1546671107,336,317950,9.16
383,3,1546679721,6236,858986,2.83
102,4,1546693143,69,145803,12.29
84,10,1546322234,113,72144,15.43
106,7,1546702026,156,220768,25.53
159,6,1546593234,254,233051,6.09
58,4,1546579887,118,78464,16.12
119,5,1546667245,279,242766,3.15
90,7,1546632151,189,160625,10.86
178,7,1546643465,292,123019,4.98
157,12,1545344454,71,355036,18.82
49,5,1546673573,208,206153,13.53
125,9,1546701244,255,233156,8.55
205,3,1546701505,271,229260,32.74
212,4,1546031749,15,311806,30.44
33,14,1546691140,188,296504,7.51
259,8,1546220038,33,152430,17.43
56,5,1545404683,225,255861,18.43
110,7,1546669369,187,366409,30.22
418,4,1546703911,10096,373112,0.34
-1,11,1546642968,128,583241,21.76
219,6,1546698608,14,466992,29.06
121,7,1546700874,221,291752,16.3
57,13,1546694863,176,513712,12.83
6,10,1546657822,342,213546,8.49
173,12,1546701898,241,504349,5.07
76,11,1546688052,563,164095,8.04
19,14,1546464506,99,263083,16.67
-1,7,1544137381,219,264480,14.72
73,5,1544289240,403,242099,11.9
260,10,1546630633,1849,1023862,8.23
-1,3,1546689542,77,183486,31.02
171,8,1546694625,300,253367,14.1
95,15,1546644341,936,157174,10.54
282,9,1546674124,57,719698,9.18
57,19,1546694494,47,0,11.4
55,11,1546691561,193,242917,24.9
147,10,1546627638,649,0,8.79
75,6,1546671180,21,223905,34.67
68,7,1546703697,42,0,7.31
22,12,1546658486,334,417598,8.81
50,6,1546699939,70,511519,8.72
355,14,1546669548,124,364941,30.03
351,11,1546694739,1122,174141,3.23
79,12,1546703818,267,237546,10.64
124,10,1546655757,241,205621,12.39
223,4,1546615711,256,174636,19.53
49,6,1546632949,205,204386,7.1
255,8,1545603309,1841,204463,4.75
75,15,1546581654,180,154333,5.11
81,9,1546651995,40,341338,12.21
298,9,1546687799,118,473789,11.58
172,14,1546701264,455,363426,12.47
57,13,1546465993,296,404889,13.43
271,4,1546698971,612,630065,22.11
129,13,1546699584,16,291092,43.69
101,5,1546642751,17,342550,28.53
40,9,1546697043,356,376517,16.26
186,9,1546699908,156,260940,11.15
296,5,1546656653,66,0,22.68
76,7,1546696590,224,439912,12.68
-1,6,1546603931,865,376460,10.07
73,3,1546660612,244,301288,11.54
205,9,1546702177,17,0,28.45
251,4,1546697038,597,284902,5.15
-1,8,1546703135,162,0,15.5
274,7,1546693642,748,146581,8.94
111,14,1546474712,144,330449,15.54
11,6,1546701818,556,117451,6.07
94,12,1546690718,364,94360,4.3
225,3,1546672828,4296,0,7.47
427,3,1546600232,139,0,10.05
28,3,1546703526,234,0,11.04
405,4,1546692787,88,264736,19.75
283,12,1546678139,197,237502,8.13
49,4,1546573896,46,0,14.27
78,12,1546642559,437,270684,9.09
29,7,1546658220,76,485753,44.22
232,11,1546699910,31,446676,11.88
54,7,1546646143,134,161681,4.0
56,5,1546581524,2810,0,4.23
72,26,1546690972,339,231949,8.77
247,5,1546618578,35,238051,11.65
205,5,1546397560,284,228261,10.18
17,10,1546696343,345,489387,9.02
68,3,1546644724,251,125876,9.5
231,3,1546696904,299,357056,13.07
60,11,1544999306,402,282207,3.06
105,11,1546645758,372,540244,13.51
416,5,1545715900,250,466733,9.0
463,28,1542375594,3495,844859,6.03
81,7,1546042421,444,326401,15.85
49,7,1546466823,166,215225,27.48
25,9,1546571136,159,0,13.47
86,6,1546701563,193,125320,0.95
197,8,1546214408,1036,205205,4.81
94,6,1546109925,168,237361,7.36
236,8,1546625651,321,454641,23.02
105,8,1546685144,54,226147,1.95
63,20,1546697763,21,36140,34.22
113,8,1546701931,200,0,6.54
78,9,1546558013,142,211575,21.38
83,5,1546699396,69,225966,34.08
116,9,1546695462,672,0,18.29
178,10,1546641435,121,197761,17.0
57,5,1546700858,82,0,12.38
45,4,1546675021,197,171915,13.54
112,13,1546553561,550,215650,4.9
18,8,1546212384,234,1719,1.0
233,7,1546669968,3331,426536,2.18
73,6,1546615176,283,129837,7.33
80,17,1546692140,276,368570,9.19
195,5,1546637587,23,597274,24.94
220,3,1546696984,82,682448,5.74
89,10,1546694111,194,109160,34.83
-1,4,1546651898,90,0,6.38
33,11,1546677844,96,37309,6.2
306,1,1546700459,275,402383,21.18
34,4,1546160728,80,25799,8.5
35,3,1545674248,336,162140,18.02
1072,17,1546659324,47,325981,17.74
-1,15,1546691104,2744,928751,3.74
259,6,1546651373,83,362099,15.91
316,7,1546694337,279,484492,6.58
-1,7,1546703948,355,346858,3.83
154,12,1546624476,139,124148,58.05
116,9,1546646532,642,343704,12.38
61,7,1545793806,326,131623,7.23
39,12,1544529628,14,41588,17.7
108,17,1534180103,222,244985,10.35
98,12,1546553626,106,304537,12.31
33,3,1546605191,256,418608,22.19
154,8,1546700027,64,205587,5.43
247,12,1546686626,3086,249426,0.76
59,7,1546692364,269,249631,6.31
19,8,1546647486,235,202624,12.2
397,9,1544902366,247,315485,22.31
84,6,1546521987,122,402369,10.27
121,6,1546628040,563,424789,8.14
91,6,1546544189,147,196419,9.93
110,5,1546703037,15,0,49.5
52,6,1546456544,271,175308,4.82
52,9,1546562007,147,260770,15.87
106,9,1546532526,78,199615,13.33
61,9,1546677961,993,330274,5.84
180,18,1545956185,121,76638,10.41
58,8,1546693902,230,0,19.04
138,19,1546691799,50,182932,13.98
59,19,1546699302,126,127060,12.47
73,7,1546472930,166,517916,7.53
531,10,1546566443,3943,0,5.15
156,8,1546643605,80,240417,22.34
289,8,1546704016,69,278792,38.03
51,6,1546700161,1259,409484,9.0
77,18,1546657497,170,353484,12.33
159,32,1546702531,124,235306,9.57
412,9,1546657304,211,468437,9.42
259,9,1546659972,494,340145,9.93
83,10,1546643643,152,334219,21.0
329,6,1546674848,470,167938,6.46
254,9,1546563359,88,327328,12.72
103,13,1546654944,563,205354,8.07
46,11,1546657089,256,136598,11.61
39,8,1546558535,299,291142,12.26
109,14,1546697424,112,85743,14.53
52,13,1546701647,53,383400,22.78
92,11,1546673470,4580,822544,1.41
205,4,1546571688,179,220096,9.12
21,12,1546701577,125,0,4.28
72,21,1546602469,117,251928,8.01
33,9,1546639201,141,252961,22.07
30,6,1546460775,5,306462,12.57
106,6,1546647204,416,430881,35.2
57,6,1546645415,178,300728,13.28
59,4,1546684300,108,127409,7.73
121,11,1546638699,472,167275,5.41
33,5,1546698875,145,145481,12.26
56,5,1546696052,116,569126,19.9
2,1,1546667074,396,501746,8.23
119,6,1546700510,1363,0,10.64
237,9,1546637596,173,159040,12.69
228,4,1546693898,385,235786,2.88
31,6,1546642278,99,180687,21.88
32,5,1546610084,71,159022,21.77
62,6,1546682327,95,73375,9.22
70,13,1545425612,154,409783,13.43
72,13,1546691523,117,390673,21.58
51,14,1546623771,61,156176,20.6
140,5,1546616380,200,627455,14.76
120,15,1546694073,122,341167,6.87
109,14,1546562761,183,383552,9.21
233,6,1546572077,103,448646,16.8
-1,10,1546671173,190,0,0.0
97,11,1546637795,66,489300,8.54
130,13,1545777012,149,333778,55.75
191,12,1546585822,103,299896,29.51
96,11,1541364440,25,232909,11.93
230,6,1546691222,101,166235,15.15
64,11,1546655256,48,110318,15.99
133,10,1546701367,729,161738,6.5
163,5,1546603144,431,331884,15.23
165,13,1546671267,416,490703,33.24
495,6,1546684031,1348,363161,6.99
32,17,1546688631,608,394750,55.48
9,9,1540073514,15,18287,3.8
181,5,1546676644,255,300457,11.91
68,7,1546696591,689,282468,11.2
132,8,1546560119,926,320060,13.15
292,27,1546305839,269,388358,10.99
197,8,1546657809,95,162281,6.56
189,4,1546695552,111,206839,16.99
43,5,1546374596,109,45575,2.87
30,7,1546640706,237,408617,41.32
31,5,1544121107,51,91746,14.87
42,20,1546684824,341,235331,27.78
25,17,1546556159,157,190034,13.29
129,8,1546150200,223,0,14.51
136,8,1546656589,22,354983,56.0
78,6,1546599411,151,137758,13.34
-1,6,1546650119,147,414694,2.93
43,4,1546473438,19,78760,6.07
81,7,1546690866,52,242554,8.4
63,3,1546649822,288,1163843,17.2
71,11,1546684972,399,414303,14.53
51,7,1546665953,53,249363,44.38
110,12,1546659838,81,233944,11.41
26,4,1546638128,394,342773,8.1
38,8,1546685211,48,158768,15.08
55,8,1546297568,432,345088,18.66
184,6,1546209446,270,90882,5.3
251,16,1546666923,160,508976,22.3
179,5,1546690094,331,224732,5.79
136,16,1545795696,195,173721,10.19
89,12,1546619303,173,68144,31.37
68,7,1546658929,133,90168,8.98
39,3,1546638395,199,119909,9.72
146,13,1546612136,73,137423,8.23
31,7,1546494684,68,57832,21.48
260,11,1546480554,27,0,20.2
132,11,1546700537,1477,429753,11.96
32,7,1546672968,297,453179,23.4
215,15,1546663859,151,119105,4.87
690,5,1546696570,94,1082868,21.4
78,9,1546630229,186,0,10.64
63,5,1546571414,154,520883,13.28
117,8,1546506610,330,789596,23.24
102,9,1546701576,502,293759,15.76
127,5,1546699662,240,429274,15.27
132,7,1546551274,18,130400,18.77
54,7,1546704159,256,662878,28.26
119,4,1546699178,89,275569,19.72
355,8,1546685350,170,448374,11.86
-1,10,1546651581,117,0,0.0
148,5,1546653197,202,378700,17.17
12,6,1546693613,64,57512,12.98
34,4,1546699485,10,2728,12.45
62,29,1546196642,645,129895,5.7
358,12,1546598562,317,556938,11.49
117,6,1545793092,81,196761,13.87
52,3,1546700900,111,387061,16.88
57,7,1546695109,407,187489,6.33
9,5,1546649535,286,387889,18.04
273,6,1546384839,9,480385,52.59
76,6,1546652216,121,110608,5.79
105,5,1546459202,52,160645,12.29
51,9,1546640790,931,416355,8.11
15,8,1538744494,101,156196,18.92
15,10,1546471180,128,72237,8.53
46,14,1546681273,145,184049,19.91
63,3,1545932138,52,314213,16.71
161,5,1546664215,104,368966,8.71
319,9,1546637241,243,506124,11.61
64,7,1546691695,240,312035,23.11
33,16,1546652927,31,86632,8.88
168,6,1546037354,183,223895,2.92
164,6,1546646725,32,389396,29.51
18,8,1546693750,129,361726,15.07
235,10,1546587618,147,166907,10.51
32,7,1545867270,91,391285,13.49
288,21,1546387059,226,0,15.3
150,4,1546659658,173,164767,11.31
196,5,1546008223,22,76514,11.66
63,4,1546647553,171,265885,13.85
255,28,1546632100,196,358949,13.3
327,6,1546647775,77,308966,7.74
46,6,1540616895,41,53168,16.35
95,6,1546647296,1833,0,15.33
-1,8,1546672885,13,0,0.0
83,11,1546586198,511,0,11.52
148,9,1546646114,297,231665,12.61
271,21,1546644971,604,160447,16.8
62,13,1545800790,1163,66435,1.09
321,8,1546576880,198,292427,6.53
52,23,1546479726,1052,113542,1.73
177,6,1546644962,349,191594,16.35
30,11,1546616429,584,264523,8.72
133,8,1546539588,7,132679,46.89
28,9,1546690258,551,76802,5.01
137,8,1546670192,434,326337,9.76
132,9,1546690675,841,511953,10.37
60,10,1546654975,1291,79952,1.87
235,18,1546632451,254,433150,23.48
202,5,1546642824,155,206695,6.66
321,2,1546618328,19,171739,20.71
149,8,1546697273,22,213134,28.75
256,6,1546695503,215,0,16.64
145,10,1546694118,341,487193,12.52
26,15,1546650160,93,173510,18.08
138,16,1546681664,229,416359,11.22
497,8,1546606362,63,149029,4.52
44,4,1546524676,264,285871,16.33
100,7,1546213030,72,193017,9.64
299,10,1546581998,88,642328,11.83
34,4,1546394785,139,294009,14.48
129,5,1546293177,484,400339,4.72
72,7,1546541940,206,195567,13.31
46,4,1546654197,1047,491394,6.73
317,5,1546683995,162,366208,20.42
47,12,1546662126,356,220967,28.21
494,14,1546678736,215,259491,19.75
325,4,1546635917,136,399403,16.02
50,6,1546524874,412,228514,5.9
123,3,1546696557,749,621178,13.35
43,4,1546686581,23,157637,3.42
214,3,1546677502,571,657455,25.55
162,7,1546684673,480,149858,5.91
14,9,1546514705,819,124372,5.06
86,6,1546471741,93,169977,19.93
39,9,1545230187,69,222107,11.03
61,7,1546644055,411,185925,6.16
64,10,1546700975,621,220712,1.2
153,11,1546702613,53,228721,13.73
55,6,1546651361,174,156842,13.28
186,7,1546574963,395,373403,8.36
222,5,1546584199,105,474893,20.26
298,11,1546554310,1733,194719,3.01
88,5,1546649105,140,250653,28.1
173,6,1546518235,181,256916,5.77
19,9,1546480772,1845,522426,11.17
276,12,1546681802,182,380240,4.12
106,9,1546356445,255,343130,3.61
306,7,1540277589,84,426699,11.65
164,5,1546696953,7,427066,24.88
112,12,1546632736,134,335496,11.36
85,10,1546578704,193,301684,17.04
77,6,1546656651,296,357169,13.38
408,11,1546698527,244,306101,11.26
52,7,1546644860,163,0,9.15
25,8,1546688140,953,430345,9.17
17,16,1546473594,10,142724,41.59
-1,9,1546691251,263,449617,13.8
52,7,1546661798,112,399679,14.63
13,7,1546692434,260,143367,31.41
191,6,1546665974,58,353491,7.48
209,9,1545595811,202,449183,13.27
118,10,1546637947,123,216517,5.75
221,6,1546650962,81,439845,11.54
449,22,1546703544,17,251611,25.36
178,6,1546617431,32,346035,25.77
155,7,1546695133,129,279732,8.85
30,16,1546238297,346,256510,12.26
59,6,1546652488,757,347773,6.26
121,11,1546620270,156,294014,11.27
295,13,1546699925,197,101959,10.17
80,5,1545515384,81,220258,11.54
160,5,1544947894,142,356562,16.54
209,9,1546689845,983,476533,3.68
22,14,1546358925,254,133333,6.99
571,5,1545158789,1683,534683,3.92
290,8,1546689671,87,322843,17.2
45,9,1545946798,43,31950,5.69
-1,16,1546178459,72,0,7.45
150,9,1546616189,96,336203,13.85
116,5,1546704157,197,0,30.84
193,19,1543752843,67,110138,7.04
123,5,1546628269,308,0,0.0
270,10,1546656885,26,263346,17.65
38,15,1546466887,90,151500,13.26
17,16,1546682179,429,289003,11.99
26,4,1546557630,1162,253938,7.26
29,11,1546584769,848,376802,9.85
93,5,1546091384,68,153126,53.09
44,10,1546648687,430,300957,15.25
125,8,1545073400,138,150405,18.94
203,9,1546677720,298,305275,9.06
43,5,1546695646,203,179063,5.78
158,10,1546670275,399,0,14.76
98,6,1546676460,163,490486,27.42
64,6,1546130197,243,124451,7.93
117,8,1546691900,178,76477,1.92
161,11,1546679024,161,238872,5.03
39,3,1545657270,96,120291,12.98
27,7,1545872944,111,198825,12.38
143,7,1544891172,1258,0,2.48
118,9,1546670953,246,217689,9.28
113,6,1546628060,221,518277,15.02
41,5,1546676320,160,106781,13.36
148,7,1546676950,308,445228,13.21
341,7,1546668844,71,207845,20.97
55,12,1546635556,543,310579,4.19
168,5,1546659317,74,322865,10.59
7,8,1542969597,913,330170,2.22
41,11,1546556826,175,242466,11.0
88,6,1546694210,339,435473,13.9
104,5,1546703317,468,0,9.35
102,4,1546689695,70,247367,11.5
141,12,1546627935,478,35831,4.08
83,16,1546664615,104,322485,14.5
119,8,1546703316,72,366665,25.54
91,9,1546698534,10,38997,45.01
182,5,1546656050,336,533580,12.53
255,9,1546700630,434,260296,8.87
154,14,1546688018,649,124084,3.41
289,14,1546597137,369,366904,11.05
89,8,1546093242,402,409950,17.92
24,12,1546550433,86,39840,7.48
217,9,1546693620,132,221343,7.07
63,10,1546653961,339,439700,13.46
95,10,1546687704,249,313923,13.61
27,11,1546645147,310,305719,10.51
208,9,1546698394,48,265646,17.32
259,7,1546165864,147,218463,11.67
224,13,1546656820,220,213927,7.85
74,5,1546638435,527,313078,7.62
73,9,1546703732,31,0,15.05
29,8,1546703477,265,429259,19.39
316,6,1546570527,578,285175,8.51
58,14,1546692920,1177,571350,12.39
40,16,1546698215,98,71750,4.89
111,12,1546690539,48,205162,15.1
44,10,1546568852,511,87151,2.05
74,9,1546473326,117,190121,16.3
120,10,1546391497,27,182879,9.34
41,22,1546688342,26,111566,13.45
250,4,1546678171,31,377100,10.39
49,5,1546646325,119,87342,7.41
444,16,1546593355,1165,218844,3.31
69,7,1546652819,304,306697,11.07
26,15,1546694131,147,94895,11.91
276,5,1546696722,7,579964,55.48
137,7,1546558545,136,0,7.37
194,7,1546688946,335,0,5.82
125,7,1546649464,46,260714,24.55
230,20,1546597311,286,0,18.89
231,19,1546532741,131,741712,7.26
239,12,1545164179,178,201775,49.1
197,11,1546622138,283,293707,9.64
208,3,1546607642,5348,797829,1.54
104,10,1546576930,168,173810,13.31
62,5,1531355342,26,162234,14.45
89,5,1546701987,820,179705,6.38
248,19,1546604789,897,0,18.86
311,5,1546694702,357,658524,8.55
194,6,1546698594,52,151128,17.47
49,8,1546687498,218,0,4.22
76,9,1546699325,61,556537,8.42
-1,7,1546555987,405,183035,8.18
47,23,1546657056,73,153680,12.43
61,8,1546672409,775,235173,13.63
164,4,1546676021,695,198569,8.29
158,5,1546698099,172,505421,31.61
51,4,1546617500,148,59007,7.46
121,6,1546696993,1165,363871,5.47
217,17,1546695311,286,442365,16.75
19,9,1546695550,70,215564,8.2
13,14,1546638293,109,425332,30.88
232,17,1546702199,121,83608,97.93
142,9,1546402960,38,117276,4.85
26,8,1546585339,518,430934,15.11
172,5,1546628735,41,28644,17.53
76,6,1546163853,7,89630,53.92
58,9,1546629488,7,255281,16.19
72,7,1546539243,854,230684,11.91
65,11,1546695640,170,292931,13.65
125,15,1546701081,440,1448722,12.64
232,10,1546677914,277,1012865,12.32
407,6,1546700365,298,232065,26.22
-1,8,1545077915,296,152676,15.4
128,4,1546657989,386,302548,16.32
-1,12,1546180236,143,359167,24.14
99,6,1546570598,89,232124,10.09
136,10,1546676775,1216,206619,4.44
86,9,1546686480,166,375013,10.71
130,15,1546625512,105,320406,15.02
78,13,1546652757,219,165100,9.37
41,3,1542989801,2207,43683,0.17
78,5,1546689497,291,226382,11.24
92,15,1546581082,828,259932,14.41
59,9,1546676610,290,259097,8.86
35,11,1545890301,608,468460,6.16
351,12,1546617091,171,157259,11.76
183,6,1546659978,728,681321,12.59
44,5,1546698708,159,85405,9.41
289,6,1546639541,265,461085,11.8
53,9,1546460056,320,172247,8.45
246,8,1546694576,84,310479,7.12
78,16,1546685020,277,270279,6.52
18,5,1546695663,331,203926,14.26
126,10,1546697814,28,414091,10.9
25,20,1546356640,454,229701,24.56
227,14,1546682987,1203,427438,8.42
342,8,1546392948,108,427397,24.85
169,7,1546697741,1585,240284,2.51
112,17,1546666809,552,533611,9.9
180,14,1546528137,837,278623,2.39
69,10,1546680340,118,50198,9.04
328,10,1546657690,89,228127,11.11
395,10,1546687869,878,924044,36.5
150,6,1546683530,325,319493,12.02
26,13,1546701460,102,205034,36.37
106,6,1546659031,222,216920,13.12
91,4,1546701874,335,285129,2.34
162,14,1546642995,2610,738059,7.91
109,4,1546689322,90,281836,8.74
34,10,1546689725,742,272770,5.81
